c0,-1.0485529650670926,-1.4200179371789752,0
c0,1.764052345967664,0.4001572083672233,0
c0,-0.4957954945452093,11.21657771374294,1
c0,2.1167910214836754,-1.6108784034499337,0
c0,-0.7308735859513859,8.358296771190215,1
c0,0.9214083978105813,10.46081447714883,1
c0,2.259308950690852,-0.04225715166064269,0
c0,-2.2396040586617367,0.4014990550902875,0
c0,-2.994612860227619,10.880937561080971,1
c0,-0.12824197402770202,9.728228433509303,1
c0,1.1541840304940192,0.1725044164928659,0
c0,-0.09038200727694681,1.3675972398067135,0
c0,1.4558079518368434,10.055492225443803,1
c0,0.8416312640736364,-0.24945858016094885,0
c0,-0.3979120985908414,10.782578880841978,1
c0,1.2302906807277207,1.2023798487844113,0
c0,-0.7657021944780863,0.555786964082873,0
c0,-1.1169495537467236,9.964703260397085,1
c0,-0.8396324471731914,8.631754904661609,1
c0,-0.7727718829782021,10.882056599363011,1
c0,0.35570351572398445,9.52271372959677,1
c0,-1.3651628772251687,11.947098642820357,1
c0,-1.3159074105115212,-0.461584604814709,0
c0,-1.6845172554248828,10.80656376789626,1
c0,-0.13594970067832082,1.1368913626026953,0
c0,0.29673317249411335,0.8299861590811032,0
c0,0.36448124924050557,1.4713219561423383,0
c0,-1.951804101481602,-0.659891729729498,0
c0,0.8005648034309968,0.07826017516166135,0
c0,-1.6324233020679833,-0.06713415461452177,0
c0,1.7549861537420586,-0.13298842230959199,0
c0,1.0013310173467296,10.597212504403425,1
c0,0.08261103215620101,9.178465482980473,1
c0,0.02185735821987137,10.04253907402979,1
c0,-0.5215796779933731,-1.184686590411552,0
c0,0.030601824338517807,-0.06964157844693558,0
c0,-0.182904980856951,10.89624842535616,1
c0,-0.289005210954233,8.001360524416627,1
c0,1.068509399316009,-0.45338580385138766,0
c0,-1.3751844793172407,10.500992232179946,1
c0,0.19272899649972683,10.69643867339144,1
c0,-0.010056471869014538,11.23800693595844,1
c0,-1.6812182154944335,-0.8889713580954499,0
c0,-2.369586905226603,0.8640523004976479,0
c0,-0.5840935467949193,10.335105620195998,1
c0,0.013748487335533657,8.155298836371953,1
c0,-0.4832495424791074,10.00257118243151,1
c0,-0.6343220936809636,-0.3627411659871381,0
c0,-0.0616264020956474,-0.10730527629117469,0
c0,0.19145087202391178,10.88051119917711,1
c0,0.7316589270303925,9.934511624855517,1
c0,0.5232766605317537,-0.1715463312222481,0
c0,-2.2886200400145285,0.251484415021537,0
c0,-1.188859257784029,-0.5068163542986875,0
c0,0.7706730544633433,9.869560266216673,1
c0,-0.9711706648243907,11.426316860787027,1
c0,-0.34069234387793046,8.736827087914845,1
c0,-1.6923704374741084,10.729346346280426,1
c0,0.4574156062209908,-0.9646120137337284,0
c0,0.8326507394644783,10.327066209121021,1
c0,-0.44816536268070806,-0.6493379277303881,0
c0,-0.3497821801115369,12.023471949769974,1
c0,-1.2928569097234486,0.26705086934918293,0
c0,0.7471883342046318,-1.188944955203736,0
c0,1.4229834965161061,0.3960865849565602,0
c0,3.1709747732901796,10.189499637547913,1
c0,1.0781973037142378,-2.5591846663440965,0
c0,0.8851875412089273,11.473764815138406,1
c0,-0.042171451290578935,-0.2868871923899076,0
c0,0.0386305518401881,-1.6567151023219537,0
c0,1.738872677454511,0.9943943913154989,0
c0,0.0674922572408068,10.016338084112892,1
c0,-0.06824160532463124,1.7133427216493666,0
c0,0.2238435633129107,0.32962298212773805,0
c0,-1.1776289624826308,-1.1401963009349616,0
c0,0.7610377251469934,0.12167501649282841,0
c0,-0.1576670161638159,2.2567234972982093,0
c0,0.8449956030008372,9.324406172369937,1
c0,-0.0392828182274956,-1.1680934977411974,0
c0,-0.028182228338654868,0.42833187053041766,0
c0,-0.11816404512856976,-0.6801782039968504,0
c0,-0.757870860425166,-0.05008409428482209,0
c0,0.5592989813908843,8.936304408974452,1
c0,-0.37070400322045344,-0.9456157955562914,0
c0,1.6002678187487591,9.811165219782216,1
c0,-0.4990166379941829,0.02135122384354861,0
c0,1.3243587499958391,9.827799207303118,1
c0,0.18333919925760125,1.6709430327888573,0
c0,-0.15602389099728736,11.049093187920011,1
c0,0.42625873077810095,0.6769080350302455,0
c0,-1.1022301909070906,9.975450576357622,1
c0,-2.7773591454274333,11.151733974780798,1
c0,0.050954277011289496,-1.794229271489721,0
c0,1.8675589604265699,0.9060446582753853,0
c0,0.8203217972614217,1.3599485416794843,0
c0,0.6252314510271875,-1.6020576556067476,0
c0,-0.3059525750983919,9.561525541965395,1
c0,-0.7199405321418947,9.106425597685808,1
c0,-0.1016972745548716,0.019279384513077216,0
c0,1.1880297923523018,0.3169426119248496,0
c0,-0.6795930425441441,9.435682090317512,1
c0,-0.39522898265435435,-1.159420516399913,0
c0,-1.0452533661469547,1.2111452896827009,0
c0,-0.014857703354702717,0.8214059370248112,0
c0,-0.20828510309499634,11.574371237475571,1
c0,-0.3691818379424436,-0.2393791775759264,0
c0,-0.3004787855854223,9.644971268944627,1
c0,0.6775570335877171,11.307183845081257,1
c0,1.4665787155741776,0.852551939461232,0
c0,-1.5407970144446248,0.06326199420033171,0
c0,-0.832186034150062,10.172339139229189,1
c0,0.298238174206056,1.3263858966870303,0
c0,-0.06028753363911904,10.278081047967945,1
c0,0.6140793703460803,0.9222066715665268,0
c0,0.41780058320608143,8.75978366359223,1
c0,0.03890870585621503,10.62656425074536,1
c0,-0.6677202863593994,0.3269625954044574,0
c0,-1.5023965693817127,-1.7776669547337063,0
c0,-0.5986539369229861,-1.1158969859603944,0
c0,0.8644361988595057,-0.7421650204064419,0
c0,0.4140913537935951,9.492765538105077,1
c0,-0.048344623779819615,9.39189874304831,1
c0,-0.7290446587946957,0.19655740072878491,0
c0,-0.130106954193704,0.09395322938556872,0
c0,0.0330897511387602,9.145838739185645,1
c0,1.1813786012882859,-0.6319037580051673,0
c0,0.640131526097592,-1.6169560443108344,0
c0,1.4882521937955997,1.8958891760305832,0
c0,2.5263682403559984,11.769921388196734,1
c0,0.7717905512136674,0.8235041539637314,0
c0,-1.1474686524111024,-0.43782004474443403,0
c0,0.9409176145751134,0.40520408032288807,0
c0,-0.35687152802559846,10.545657323470028,1
c0,-1.8300285504278102,9.304164880650452,1
c0,0.9318483741143037,0.339964983801262,0
c0,2.6205738460182393,9.252526821934621,1
c0,-0.08511560251940574,9.43569896669784,1
c0,-0.38487980918127546,0.094351589317074,0
c0,1.0400862450537032,10.164643809526398,1
c0,2.383144774863942,0.9444794869904138,0
c0,0.5053869385773427,10.359249156513457,1
c0,0.45615303582705535,9.642420968031402,1
c0,0.045165855938831004,11.859346333851628,1
c0,-0.6920498477843912,1.5363770542457977,0
c0,-1.2128678162090247,10.283769554383346,1
c0,0.9909091736848452,9.81329088819022,1
c0,-0.640725724190199,8.865688406277773,1
c0,0.27992459904323824,-0.09815038964295794,0
c0,-0.3634377801160514,10.779051220132992,1
c0,-0.8612256850547025,1.9100649530990337,0
c0,-0.5693120534701851,0.26990435494076137,0
c0,0.22558166356880352,1.3891453156779274,0
c0,-1.3342584714027534,-1.3467175057975553,0
c0,-0.43515355172163744,1.8492637284793418,0
c0,0.09837790681547566,10.38141625420917,1
c0,0.20727074697361864,10.307732574679433,1
c0,-0.44876701310549916,8.255812243446044,1
c0,0.8215857120497958,0.005292646299360854,0
c0,-0.5428614760167177,0.4160500462614255,0
c0,0.6937731526901325,-0.1595734381462669,0
c0,-0.35399391125348395,-1.3749512934180188,0
c0,-1.4240609089825316,-0.49331988336219407,0
c0,-1.4902653879072982,11.496139636951632,1
c0,1.4315677574492909,11.46221417078042,1
c0,0.49374177734918845,-0.11610393903436653,0
c0,-0.06727560892298173,-1.3183958696447342,0
c0,0.31943183333153063,9.862220785714229,1
c0,0.7644974530335336,9.73162726479062,1
c0,0.16392857245258663,0.09632135592119682,0
c0,-0.11477532477079817,0.3087512418366131,0
c0,-0.9571580982754103,11.013972154112162,1
c0,0.6041367404426842,8.370416397251562,1
c0,-0.47965581400794766,0.6203582983435125,0
c0,-1.2037351921997794,10.417043502967603,1
c0,-1.1460004265074433,10.047066094658494,1
c0,0.6915387510701866,0.6947491436560059,0
c0,-0.8483205228052325,-0.32566946882017417,0
c0,-0.6280875596415789,-0.4810271184607877,0
c0,-0.20690367616397173,0.8801789120807822,0
c0,-0.3994490292628752,0.37005588784751875,0
c0,-2.004215715498915,0.37687652085089274,0
c0,-0.17346389707287913,9.489970460244383,1
c0,-0.07311964594819724,8.702620344043261,1
c0,0.46637957438197886,9.905607493588816,1
c0,0.5072389511096153,-0.1162297003871491,0
c0,-0.9196506900626618,12.64293572101474,1
c0,-0.8602624519575188,10.328301295000756,1
c0,0.21717963263828013,10.078211181092152,1
c0,-1.3804307523072692,9.464085438333838,1
c0,-1.3597807255038137,-0.04140081155796743,0
c0,-1.139802455426774,0.7849575212405001,0
c0,0.917221542115856,9.942957132337812,1
c0,-0.7803044065015394,10.271112796446715,1
c0,-0.6006575576577885,1.5522431800485608,0
c0,1.7746585609733332,9.606846805245887,1
c0,-0.34624944764730997,-0.7946363210714987,0
c0,-1.82425665593783,0.3036039044620014,0
c0,1.15233156478312,1.079618592036821,0
c0,-0.4674931736578535,9.137506700275265,1
c0,-0.16221844757669085,10.769430178177304,1
c0,0.5665453158182124,10.146304446001045,1
c0,1.1787795711596507,-0.17992483581235091,0
c0,-0.603839552796151,8.850445936742881,1
c0,0.9605572244572284,10.22584047860269,1
c0,0.027762131625501486,9.574457787228551,1
c0,0.010500020720820478,1.7858704939058352,0
c0,-0.9443684908242939,0.23810314783231212,0
c0,1.3151376657209723,9.676542527516576,1
c0,-1.4465346995633879,0.8002979493400275,0
c0,-0.9327409107943778,-1.2630683491022754,0
c0,1.3191368763015756,-0.8824188185499185,0
c0,0.7863279621089762,-0.46641909673594306,0
c0,-2.01640662779976,-0.5394546333745014,0
c0,0.04949498165009074,0.49383677628095635,0
c0,-0.15993978775704282,9.168042506782875,1
c0,0.24676602397997058,11.525957560884809,1
c0,0.4768983689222224,0.14844958138007808,0
c0,1.1172834656881903,8.436095365160234,1
c0,-0.4059417271884834,0.7243685048699644,0
c0,0.6663830820319143,-0.4607197873885533,0
c0,2.014060154918468,-0.30676577602700456,0
c0,-1.7062701906250126,1.9507753952317897,0
c0,1.4940790731576061,-0.20515826376580087,0
c0,-1.4059629162678993,-0.5900576458695397,0
c0,-0.5654978063746563,10.476031383438114,1
c0,0.018627370661355457,11.054324974904077,1
c0,-2.437564359199356,11.11492455949028,1
c0,-1.014825907734441,9.397668146417137,1
c0,-1.1573552591908536,-0.3122922511256933,0
c0,0.030546581040616888,9.963116469154933,1
c0,-0.3615992807816198,1.0645851361278518,0
c0,-1.1390081931169653,8.78559861704074,1
c0,0.2155530537886848,10.56800735922642,1
c0,0.007617498318158107,10.886864686582761,1
c0,-1.1791579306376878,1.3014280716647608,0
c0,-1.4227949086263427,11.922324755444398,1
c0,0.0275097020298358,12.232016389525178,1
c0,-1.6064396894498327,8.626946463958072,1
c0,-0.40317694697317963,1.2224450703824274,0
c0,0.6051200840821667,0.895555985551324,0
c0,-0.10321275146170758,8.948609601339935,1
c0,0.41785370321732596,9.959981274648367,1
c0,0.242117960985123,-0.8887202573536308,0
c0,0.8733118360704122,11.199736176415037,1
c0,-1.3128496745497917,11.414874135922423,1
c0,-0.40129780513351004,9.683344704947894,1
c0,-0.12040663866440973,8.520684020036747,1
c0,0.7750232632241703,10.432837621499994,1
c0,-1.4519055294317473,10.382202787785294,1
c0,2.303916697683942,-1.0600158227215473,0
c0,-0.9378802311514517,0.43310795315134365,0
c0,-0.3479121493261526,0.15634896910398005,0
c0,0.6234536094243824,10.890671681431394,1
c0,0.15647625694629896,9.783656021704275,1
c0,-0.09900831128407737,8.94934616341251,1
c0,-1.1561824318219127,0.7811981017099934,0
c0,-1.0043227122146134,9.001808271768136,1
c0,0.2280533251240672,10.201479946704433,1
c0,0.22246316400860677,9.911624476800846,1
c0,0.5238910238342056,0.08842208704466141,0
c0,0.19782816784986781,10.097750802422185,1
c0,0.9341797484997248,8.60849473059578,1
c0,0.9541895808987649,10.544144752358008,1
c0,-0.8376780419079453,-0.5911831037644297,0
c0,-1.7558905834377194,0.45093446180591484,0
c0,-0.039267991037953184,9.051067189150237,1
c0,-0.968082117664578,10.477068092356864,1
c0,-0.5319938094111618,9.043741577567717,1
c0,-0.16325494883317873,9.913544717288953,1
c0,-0.6599427051023377,10.213017167429888,1
c0,0.7726948371023817,-1.6615982911145637,0
c0,1.584820527349018,10.647967791009888,1
c0,0.9295051114795281,0.5822245913979243,0
c0,-0.9389815726777853,1.0170209914132446,0
c0,0.25280350541915453,9.591985290960103,1
c0,0.5898798207345195,-0.3638588099707899,0
c0,1.3645318481024713,-0.6894491845499376,0
c0,-1.34841308775612,11.264983329856257,1
c0,-0.7823669669020897,10.625118656433731,1
c0,-0.3108861716984717,0.09740016626878341,0
c0,0.3382254736851153,10.651781261700616,1
c0,-0.8791606288350748,9.768898392407003,1
c0,0.5129168468277764,7.458761192311775,1
c0,-0.6471814318477607,0.47224715008784873,0
c0,1.6481349322075596,0.16422775548733395,0
c0,0.10058120872896319,10.539161274114196,1
c0,0.1319117557874122,8.01943440893106,1
c0,-1.4219198716404369,1.9979560797500047,0
c0,1.3709890062911214,-0.5098432421384791,0
c0,-0.22260568094832048,-0.9130792180417964,0
c0,-0.6522935999350191,-0.5211893123011109,0
c0,-1.2986867221630902,1.2760753460061875,0
c0,-2.36417381714118,0.02033418170524325,0
c0,-0.18375573024999226,10.824618219638468,1
c0,0.8690063428187611,10.184181264703547,1
c0,-0.7049213525074449,0.6799748442451024,0
c0,-0.8589723884443423,-0.898942156465536,0
c0,-0.40318830684953333,10.949405523793219,1
c0,-1.0180418752873648,-0.07785475594085076,0
c0,0.6898181645347884,1.3018462295649984,0
c0,1.2674116548186567,10.499498233468659,1
c0,-0.10321885179355784,0.41059850193837233,0
c0,0.12691209270361992,0.40198936344470165,0
c0,-0.017020413861440594,0.3791517355550818,0
c0,0.8253722320875148,9.701676831004166,1
c0,0.11514787314009216,-0.37914756287992274,0
c0,-0.6250273906846713,9.609607306014492,1
c0,1.5327792143584575,1.469358769900285,0
c0,-2.121176444902436,8.161153396241502,1
c0,0.05517135478023174,10.298977456119017,1
c0,1.269764750314304,9.290145817853896,1
c0,1.9050636405600176,9.985222780340155,1
c0,-0.6743326606573761,0.03183055827435118,0
c0,-0.7994223995430966,0.24078750974193844,0
c0,-0.6780257815644504,1.2978457906510987,0
c0,0.03976673458649517,-1.5669947108616025,0
c0,-0.011145611841841251,0.011498899870062375,0
c0,0.9101789080925919,0.31721821519130206,0
c0,-0.5286706589354886,9.891996163219043,1
c0,0.42258037227288275,10.547480572104664,1
c0,-1.6641729851661735,9.87343066836061,1
c0,1.2577442174960383,7.913365020579457,1
c0,-0.20289684076666706,-0.1098827793093138,0
c0,0.33053274323491577,9.854725542795231,1
c0,-0.8963697225521802,8.037267990859249,1
c0,0.16066118981977281,9.047355047184613,1
c0,0.8767267736904524,8.173088621695483,1
c0,0.28912050527881217,0.4128708204461747,0
c0,0.37642553115562943,-1.0994007905841945,0
c0,0.6081564276006415,11.114962322947402,1
c0,0.0977249677148556,0.5829536797532936,0
c0,1.3250140528868153,0.2053325637779597,0
c0,0.16667349537252904,0.6350314368921064,0
c0,0.40088567910412115,9.990342763467092,1
c0,1.1002843382203737,1.2980219723262212,0
c0,-0.7623615367276093,8.553059665244191,1
c0,-0.3265609776792077,9.991790117730385,1
c0,-1.4464210639833286,9.547649724430908,1
c0,1.4333525028819918,10.418398011309193,1
c0,-0.2420198298702195,1.5182611703557054,0
c0,1.021790585588673,-0.5525406734167292,0
c0,-0.2616454457109007,-0.18224478378994294,0
c0,-0.48972502237302673,9.720703330721628,1
c0,-0.39238899814963674,-3.0461430547999266,0
c0,1.8831506970562544,-1.3477590611424464,0
c0,-2.1789315201949093,9.37034957305982,1
c0,1.011842432994189,-0.6579510447611686,0
c0,0.2975143539549459,10.044022276175347,1
c0,1.1483505806911263,9.089149622361347,1
c0,0.5672902778526694,-0.2226751005151545,0
c0,1.8675579901499675,-0.977277879876411,0
c0,0.28634368889227957,0.6088438344754508,0
c0,1.1285940645145685,0.4960009463439622,0
c0,-0.029856121636366265,9.881829215633408,1
c0,-0.33379096035356415,9.979870896122463,1
c0,1.2605688450421493,9.899606496598635,1
c0,-0.8087175319795337,8.895876014200738,1
c0,-1.040599230085145,9.684396876614143,1
c0,0.4066570874668812,11.201697855667506,1
c0,0.5210648764527586,-0.5757879698130661,0
c0,0.11273794123573726,10.657267690304778,1
c0,-1.2796891732042395,-0.5854312042777726,0
c0,-0.16975829390248548,9.86586721723158,1
c0,0.4038960208359738,11.936712462402552,1
c0,-0.3386821854453976,12.034762544021154,1
c0,0.7519465876771957,10.562989718586127,1
c0,-0.960504381633148,-0.7931173627076716,0
c0,0.9836361957891795,9.914385045769503,1
c0,0.44819528442331247,1.6961815728281606,0
c0,1.4028447401002433,10.335844721405312,1
c0,-0.13288057758695562,-0.2977908794017283,0
c0,-0.5288698535561153,10.173711852987024,1
c0,1.3426220105103532,9.26006414703474,1
c0,-0.38464542314251776,-0.4438360931551978,0
c0,-0.2712073398901639,8.682825211194206,1
c0,0.5426107834987963,10.715938893436991,1
c0,1.561279598955807,9.059729764042796,1
c0,-1.5844735631509355,10.844454306604586,1
c0,0.2756665493407744,9.291614947661893,1
c0,2.1531197925705827,10.46830490768959,1
c0,2.497200391587007,-2.245321648371402,0
c0,-0.8152756611364586,11.801213990808535,1
c0,0.19286395555038602,8.842982719184132,1
c0,-0.04932407014757259,10.239033601246765,1
c0,0.227345950143481,11.614249547280227,1
c0,0.21950955579304526,0.3930629339800916,0
c0,0.46616642603403075,-0.3702424407043429,0
c0,0.017515613278218337,10.323625764609119,1
c0,-1.7971646153956184,9.197746828269189,1
c0,0.45730964672081126,10.962341744814346,1
c0,-1.0431294980353556,9.142921811328835,1
c0,0.4662900435501895,11.714831608676043,1
c0,0.5023282400747796,9.137733000246763,1
c0,0.5289436184165822,0.24614778868484416,0
c0,-1.0342428417844647,0.681594518281627,0
c0,-0.5981504525164858,8.479960714807936,1
c0,-0.8877857476301128,-1.980796468223927,0
c0,0.5969064812479539,9.012713306542347,1
c0,1.1173053155366646,9.481099795575147,1
c0,0.2745163577239395,-0.8909150829955279,0
c0,-0.06174330145790107,9.553163746337379,1
c0,1.648504010268179,8.449985810641852,1
c0,-0.4802420417382233,9.476749056615105,1
c0,-0.2918373627478628,-0.7614922118116233,0
c0,-0.65240858238702,-0.3909533751876011,0
c0,0.9600477411499279,9.583500917563308,1
c0,-0.5543096265713009,-0.4706376581547914,0
c0,1.2213849594591983,9.807158171456035,1
c0,-1.0003303489537054,11.67398570701071,1
c0,0.2098494779230553,8.759375400443773,1
c0,1.0450233755026905,10.599039526376185,1
c0,-0.27682299477388833,11.12390530561444,1
c0,-1.5914478754580315,10.003222216443156,1
c0,0.6433144650629279,-1.5706234086334527,0
c0,-0.8391294028422137,10.990121383879194,1
c0,0.15925046837370244,8.04145104486346,1
c0,0.698457149107336,0.00377088908626934,0
c0,-0.3646935443916854,0.15670385527236397,0
c0,1.3925184494342724,11.037585667050633,1
c0,2.594424587768152,-0.40403229385093714,0
c0,-1.3003468322183391,9.19614959596848,1
c0,-0.7742950804868045,9.73061022154876,1
c0,-0.4409226322925914,-0.2803554951845091,0
c0,2.451229719075076,9.78879401636848,1
c0,-0.7047002758562337,0.9432607249694948,0
c0,-1.3647582300824324,9.97813009121092,1
c0,0.29871365999200894,10.91064567222997,1
c0,-0.057469518465394644,-0.39121705217401626,0
c0,1.5309323510288246,10.09244773546981,1
c0,0.6878813911747546,10.049857266599822,1
c0,-1.3730425509508952,8.932257988980894,1
c0,0.6774621693464117,10.05182038948242,1
c0,-0.7826291558275251,-0.11038929902688775,0
c0,-0.9191134448699437,0.19275384906521617,0
c0,0.3563663971744019,0.7065731681919482,0
c0,-0.7447548220484399,-0.8264385386590144,0
c0,-2.5529898158340787,0.6536185954403606,0
c0,0.555962679709798,10.89247388733153,1
c0,1.0304382674156047,-2.0473236130579617,0
c0,0.1565065379653756,0.23218103620027578,0
c0,0.36754489602226903,0.1903115575939397,0
c0,0.5128364575927566,9.673681537841682,1
c0,0.19898949440518773,11.988731918595391,1
c0,1.7123052213432965,9.20788497943485,1
c0,0.453781912635684,-1.8297404110045314,0
c0,-0.45408036251560513,10.085951973434385,1
c0,0.9367424635352571,1.412327706037443,0
c0,-0.9711045704444846,0.3148172045158238,0
c0,-0.43918952180214793,0.18133842921782128,0
c0,-0.3611131347398661,10.608962341654525,1
c0,-0.852585847170647,0.022959755607951444,0
c0,-1.8081439264982515,10.411334242897608,1
c0,-1.5482543228490424,10.531974639007192,1
c0,-1.649216974417132,11.398562092125536,1
c0,0.2711701846373109,-0.8014968853943748,0
c0,-1.1268258087567435,-0.7306777528648248,0
c0,-0.3881541924822496,9.940071997328909,1
c0,0.947251967773748,-0.1550100930908342,0
c0,0.1993001968964652,-0.050603540961665895,0
c0,1.5133280825732052,0.553132064207584,0
c0,-0.13370155966843916,1.0777438059762627,0
c0,-0.2680033709513804,0.8024563957963952,0
c0,-1.217938511593151,-0.30496363785442043,0
c0,0.23914558065378702,11.397896261086736,1
c0,-0.27567053456055696,-0.7097279658468882,0
c0,1.3480357804247187,10.907698797987898,1
c0,-0.45553250351734315,0.01747915902505673,0
c0,-0.13105401154141233,1.133079879559722,0
c0,0.8758327615873309,-0.11510746848722672,0
c0,0.24664895525244618,10.607992509406397,1
c0,-0.2003534800049874,8.285953883951004,1
c0,0.8591041927855306,9.190373423959887,1
c0,0.04108222614387957,10.59346591960324,1
c0,0.8505306835234382,9.160875809400727,1
c0,0.02673838267463693,10.183450253581576,1
c0,0.7041110221415822,8.504320483742983,1
c0,-0.31197610791621294,-0.8402903954793065,0
c0,0.28601252697811796,10.978567297446043,1
c0,-0.813595997094507,9.47835849002938,1
c0,-1.6388073071221778,9.266687192416335,1
c0,0.9424681192203938,-0.2675947462353477,0
c0,-1.5824944779817585,12.24360189458264,1
c0,-0.26773353689396645,-1.1280113314700069,0
c0,0.9132019242521776,12.211304333239493,1
c0,-0.3090129690471222,-1.6760038063299767,0
c0,0.690429024383049,0.7966721083646714,0
c0,0.9853175089398669,10.766919669661199,1
c0,-1.1949868052686603,9.499590332695735,1
c0,0.4472120874548315,9.38387887667652,1
c0,0.31306770165090136,-0.8540957393017248,0
c0,-0.46744100962590635,9.139846615075337,1
c0,1.0289354925948542,-0.0722870075600049,0
c0,0.010185518712073464,12.198296338670492,1
c0,1.209850126410305,8.59389522860899,1
c0,-1.0314824603152577,8.570008741314552,1
c0,-0.5457119740177824,-1.8845858449794477,0
c0,-0.4015575444993436,9.531523955320276,1
c0,-0.24133779145310455,-0.8781903428100731,0
c0,-0.9855107376841507,-1.4718350074635869,0
c0,-0.35595149304680634,12.540231620759172,1
c0,-0.3474506524985633,-0.5812684768603252,0
c0,-0.5324899192090677,0.6450552734598769,0
c0,-0.015779217120995174,9.508269891986473,1
c0,-0.6255570351092533,10.992136828518506,1
c0,-0.05535254802238957,-0.26393734859268786,0
c0,0.3960067126616453,-1.0930615087305058,0
c0,-0.7621145119224981,-0.8877801366359354,0
c0,-0.8552404572508642,11.257219650828993,1
c0,0.23986710589527857,10.158958674125643,1
c0,0.7772769637679554,9.708958536726975,1
c0,0.5365965205668235,10.4046954556143,1
c0,-0.8056265075393678,-1.1183119243216322,0
c0,-2.659172237996741,0.6063195243593807,0
c0,0.3843234052112453,11.009711854811714,1
c0,-1.0002153473895647,-1.5447710967776116,0
c0,-0.5096521817516535,-0.4380743016111864,0
c0,-0.522619416398478,11.042977594646375,1
c0,-1.0068317522989838,1.6815767162673276,0
c0,-0.19065349358139935,-0.3948495140334503,0
c0,0.23958275985639133,-0.3698011663038032,0
c0,0.6722947570124355,0.40746183624111043,0
c0,-0.20694471055729102,9.321904539213753,1
c0,1.5187593369635801,8.82883953854992,1
c0,0.018791791774257802,9.406222552221333,1
c0,0.4209182841756566,10.246602186261335,1
c0,1.6180542690002255,9.175590878672166,1
c0,0.2050866252318538,11.161533803559117,1
c0,-0.6126257388749357,9.177171675705718,1
c0,2.149574534867287,9.90975615033425,1
c0,-0.7699160744453164,0.5392491912918173,0
c0,0.18970261207999575,11.70257015224179,1
c0,0.8635196583813146,-0.8047537406378693,0
c0,-0.10434349149469264,-0.9880019424937344,0
c0,0.8952602728899299,1.3749640663929898,0
c0,-2.2555642294021894,-1.0225068436356035,0
c0,-0.4635959746460942,0.4814814737734622,0
c0,0.6993804835878171,-1.0612222874459092,0
c0,-0.510805137568873,-1.180632184122412,0
c0,-0.48024903499492544,10.936107550109698,1
c0,0.06859922748066052,9.727723898854919,1
c0,0.10490716508551272,10.133912922615476,1
c0,0.4986902749098275,1.0479721559680528,0
c0,-0.9906709306271492,8.99733141263021,1
c0,-0.8954665611936756,0.386902497859262,0
c0,-0.34419645646738123,9.747289327958393,1
c0,1.390533967073938,8.35865139117697,1
c0,0.4595849048340562,10.28005786003768,1
c0,0.2256086544711038,0.44971210023199254,0
c0,-0.6429525533528905,10.150115227006129,1
c0,-0.40123470991118243,9.1999175239154,1
c0,-1.7423561978092306,-1.3032427541123157,0
c0,0.38273243001226814,-0.03424228053195387,0
c0,0.4631303293186071,0.2790957643924534,0
c0,-0.37016416451370254,9.04074460735941,1
c0,0.34816923524180865,10.663258089679173,1
c0,0.09920486253150243,11.576298972627718,1
c0,-0.21954102833121325,-1.0840366206719345,0
c0,-0.9087632459590531,-0.4243176209779015,0
c0,0.46838523427705164,1.7358789976857132,0
c0,1.4015234160052454,10.158433846785531,1
c0,0.21496559062609352,10.097219232002917,1
c0,0.018922103882194737,9.917965846854516,1
c0,0.442846113746739,10.218397073129937,1
c0,-0.8351926901914831,9.05325958904281,1
c0,0.7666631816450861,0.3562928174722889,0
c0,-0.417477349885034,8.902503345229755,1
c0,0.498726958311932,9.26206821975877,1
c0,-0.5494985463040403,8.90142927244467,1
c0,-1.9457030831639588,-0.9127834941352918,0
c0,0.021062021342063624,0.09945445703071175,0
c0,-0.5175190425104033,-0.9788298593587699,0
c0,-0.5053583172644099,-0.8157915419939713,0
c0,0.3547576931132181,0.6168865543932788,0
c0,-0.6945678597313655,-0.14963454032767076,0
c0,0.9304084961111163,-0.17531640232701995,0
c0,0.43077113494564145,9.85010840826686,1
c0,-0.3416780975958806,10.024290914137781,1
c0,-1.8923618933173414,9.822186856296987,1
c0,-0.02342310502145217,1.0791947281124892,0
c0,-1.6301983469660446,0.4627822555257742,0
c0,0.17742614225375283,-0.4017809362082619,0
c0,-0.0285288698344164,9.67526973491704,1
c0,-0.7408667042040726,9.391708849918505,1
c0,0.44386323274542566,0.33367432737426683,0
c0,-0.4310963375107571,10.572751366857215,1
c0,-0.18505367100934153,-0.8076484876163557,0
c0,-0.46931073627910674,10.875695678779508,1
c0,2.16323594928069,1.336527949436392,0
c0,0.6027076564293296,9.405350230279595,1
c0,-0.2916419863518446,8.2589771916411,1
c0,0.1474344016509719,9.022535122754132,1
c0,-0.3249349583204991,9.288693640257211,1
c0,0.03812738409493465,10.512717523472398,1
c0,0.8811310970996323,11.032989194519946,1
c0,1.3852615467222305,-0.3030982534240727,0
c0,-0.507517601657357,-1.051880102551674,0
c0,-0.7395629963913133,1.5430145954067358,0
c0,-2.011880319244709,10.589703605574725,1
c0,0.8689634868967954,0.27687190584612803,0
c0,1.0590272544419663,8.977435608739315,1
c0,0.8864915393596159,9.727868243981792,1
c0,0.5433118913875197,0.43904295767204254,0
c0,-1.601836048972537,-0.8871809418450403,0
c0,0.04575851730144607,-0.1871838500258336,0
c0,0.4936440875248639,10.48701532598038,1
c0,-0.4122717546045429,9.596540816579198,1
c0,2.2697546239876076,-1.4543656745987648,0
c0,1.0813760344581897,-0.6313759884493888,0
c0,0.08753147092167086,10.93874687568231,1
c0,0.5407735853003902,8.18192236961643,1
c0,1.0996595958871132,0.6552637307225978,0
c0,-1.0299352833089765,-0.34994336458910474,0
c0,0.45248909263964643,0.0978961454126271,0
c0,-1.3177173431407654,10.541008219959808,1
c0,0.21524046763961147,8.99363447832145,1
c0,0.14180663915345446,11.833435361815678,1
c0,0.9606933984606597,1.3290628465396823,0
c0,-0.8958157604108271,10.54832813049798,1
c0,-1.2597873434052702,10.028620504187783,1
c0,0.5383296032761768,9.85755458249063,1
c0,-0.7886692545093662,1.0946383747120914,0
c0,-0.4980324506923049,1.9295320538169858,0
c0,0.5541275783267697,9.329874102272704,1
c0,1.279812020628022,9.114033517959047,1
c0,-0.9933613754231354,12.042072149826954,1
c0,0.7741606098188164,9.225541031229174,1
c0,1.1036939574621503,10.400530684598706,1
c0,0.9787379841057392,2.240893199201458,0
c0,-1.1043833394284506,0.052165079260974405,0
c0,-0.8174930976162265,-1.4013472930393105,0
c0,-1.1476109448431353,-0.35811407547985674,0
c0,0.27560067398405635,1.4350493867891545,0
c0,-2.1150560151878075,11.40536543872442,1
c0,-0.06205312579833403,11.259167129610814,1
c0,0.7231004937377982,0.024612125247911617,0
c0,-0.9444462559182504,-0.41004969320254847,0
c0,0.9430460873225178,-2.7396771671895563,0
c0,-0.6436184028328905,-2.2234031522244266,0
c0,-0.5963140384505081,-0.05256729626954629,0
c0,-1.4912575927056055,0.4393917012645369,0
c0,-0.9768953867353252,9.410420077454784,1
c0,-0.14876615223367926,10.09600420496977,1
c0,0.8091802968531627,8.801907119808963,1
c0,-0.6840108977372166,1.6595507961898721,0
c0,-1.1046165975264708,9.969063742726041,1
c0,-0.056133020448757114,-0.001385042735095726,0
c0,-0.14268771207346503,8.772363579589593,1
c0,-1.0060368579203915,9.178450174396868,1
c0,1.126635922106507,-1.0799315083634233,0
c0,0.2242522209656819,8.321311637171343,1
c0,-0.06036249439233865,9.288959403208889,1
c0,-1.3065268517353166,1.658130679618188,0
c0,1.7406294458953309,9.706514945110623,1
c0,-0.9988487960953681,9.259863209260487,1
c0,-0.2559576692142683,9.65195362035738,1
c0,-0.8034096641738411,-0.6895497777502005,0
c0,-0.3655510899860373,0.9380925409056455,0
c0,-0.813146282044454,-1.7262826023316769,0
c0,-0.061638052172214755,8.567264510065892,1
c0,0.9237965603139469,9.867431985346283,1
c0,1.0541779089389227,10.9508336970038,1
c0,-0.637437025552229,-0.39727181432879766,0
c0,1.660607559894514,8.583396517574359,1
c0,-0.7999136231406647,9.779924220179645,1
c0,0.6705704503109099,-0.7075056975105769,0
c0,-0.4668455460527625,-1.4169061131262595,0
c0,-0.40630313044506255,-0.8640449911023695,0
c0,0.6430545453392927,10.588224929117937,1
c0,-1.4617326882614081,-0.6834397667886818,0
c0,0.38909396886572056,11.17104106462049,1
c0,0.144043571160878,1.454273506962975,0
c0,1.4893559620744803,0.5213037482757137,0
c0,0.03811800017940036,9.421081860056793,1
c0,-1.0546284639850139,0.8202478373246812,0
c0,-0.9301565025243212,-0.17858909208732915,0
c0,1.2248705641936597,0.06485610634357618,0
c0,-0.8137944832313059,8.55088238926307,1
c0,-0.3007838764760271,9.339391406023008,1
c0,0.280441705316296,-0.9931236109295807,0
c0,-1.1419014192038466,8.689029629558787,1
c0,-1.6384236257417921,8.223611383653424,1
c0,-0.045703960660234855,0.2205076557571733,0
c0,0.0014710002454108063,9.2332951454631,1
c0,-1.05747364780153,9.444014968121033,1
c0,-0.6579260925367952,0.9688826385630508,0
c0,-1.3707599825430605,0.8656529228158533,0
c0,-1.3322116545945017,-1.9686246897860202,0
c0,0.2134800489101689,-1.2085736537332212,0
c0,1.4013448312919596,-0.4103817936578706,0
c0,0.11255753090645429,9.344454970515642,1
c0,0.13157396790806872,8.59443995260811,1
c0,0.2082749780768603,0.9766390364837128,0
c0,-0.35343174875719907,-1.6164741886510325,0
c0,-0.045113303693334814,10.079121723929536,1
c0,0.045134015432010274,2.339624806020058,0
c0,-0.9831181837457077,9.101678028567983,1
c0,-0.0984525244254323,-0.6634782863621074,0
c0,-0.5327027919795545,1.0907497344345,0
c0,0.3658487879168582,1.2978252669735855,0
c0,0.8178618311849958,10.238200192022038,1
c0,0.8625960113284511,-2.655619092974933,0
c0,1.0963468456657985,-0.23421580134453654,0
c0,0.19506969715138117,-1.7815628557055914,0
c0,1.7327211869191332,0.6845011068591904,0
c0,-0.8974009269018305,1.3124703671409963,0
c0,1.2961498675278833,10.616459312626155,1
c0,0.599369372522297,9.743683106310357,1
c0,0.6764607323616232,-0.3820089555778202,0
c0,0.26902407317624666,10.524917863645882,1
c0,-1.225435518830168,0.8443629764015471,0
c0,-0.43046191188579297,11.149379383367124,1
c0,1.3264616423656934,-0.964606424206264,0
c0,1.265077838088766,0.21149701273187801,0
c0,0.87938994191337,10.635424526553996,1
c0,0.330576756274374,0.9492464735582357,0
c0,-1.0117740841054885,10.084968137037707,1
c0,0.05157494276988904,0.8672766288084278,0
c0,0.9500884175255894,-0.1513572082976979,0
c0,0.44702415688567826,10.105719995467155,1
c0,0.03700572191014953,0.7679024077327037,0
c0,1.5927707544174836,-0.25857263167677125,0
c0,-1.0455245570694658,8.915143940538554,1
c0,0.402341641177549,-0.6848100909403132,0
c0,0.9494208069257608,0.0875512413851909,0
c0,-1.7974558043668976,8.936567061845393,1
c0,0.008627898917576322,0.5270042084546597,0
c0,0.7290905621775369,0.12898291075741067,0
c0,-1.8430695501566485,-0.4779740040404867,0
c0,1.4111720638896117,0.7858038268311726,0
c0,0.43480795773115793,10.540094460524806,1
c0,0.3517801106813583,0.37923553353558676,0
c0,0.3990463456401302,-2.77259275642665,0
c0,-1.5579985281833963,9.492965230234663,1
c0,0.9361291483110824,10.67838009884047,1
c0,0.4811151263888354,2.759355114021582,0
c0,0.3903649435086224,11.588530691097532,1
c0,0.010349314566299353,0.7200337593416528,0
c0,1.5877615237453675,9.356742398211262,1
c0,0.5290452383344316,0.42262862170882565,0
c0,-1.550429345083481,0.4173188210318355,0
c0,-0.5973160689653627,-0.237921729736007,0
c0,-0.9571474731510168,8.651575680878299,1
c0,0.4980524046828567,-0.026192237344250482,0
c0,0.5232617386880769,9.462416631441938,1
c0,-0.45380404105200106,0.4032645401632468,0
c0,0.8709617821716196,9.12202938346413,1
c0,-0.38687084685064654,-0.5102927396336285,0
c0,-0.03576807186022113,2.3807453512197503,0
c0,2.011256681463137,-0.044595426455857026,0
c0,0.9364457258311158,-0.03509517686967038,0
c0,0.1549474256969163,0.37816251960217356,0
c0,1.021224743167163,10.708695273110427,1
c0,-1.0793431660249952,9.88577444854982,1
c0,-0.5914026678081108,1.1244191845103682,0
c0,-0.667712720570559,1.6819217400731377,0
c0,0.10523213705927585,9.908340591899616,1
c0,0.9687443931111454,9.26964290444204,1
c0,-0.41361898075974735,-0.7474548114407578,0
c0,-1.6882300277714322,-0.11246598255955272,0
c0,0.35950439957101016,-0.14456681693373594,0
c0,0.22739277512112846,-1.016738648609769,0
c0,0.1546688336463322,11.041568388818582,1
c0,-1.936279805846507,0.18877859679382855,0
c0,0.19796728994496746,1.0819352184772653,0
c0,-0.5028167006425383,2.4124536795437486,0
c0,-0.5352701645328445,0.025405208385016018,0
c0,-0.13190863977996706,0.4047618120404975,0
c0,-1.0053118723488588,10.101407146668212,1
c0,0.08658318016541909,11.419255045910951,1
c0,0.30833124595934525,-1.3780834670640771,0
c0,-1.4449401990733717,-1.2105429941233516,0
c0,-1.2704849984857336,0.9693967081580112,0
c0,0.9265583009670965,10.558081880618666,1
c0,-0.16137353627777917,11.794448805225073,1
c0,-0.024326124398935636,-0.7380309092056887,0
c0,-0.9327890415064383,1.2433193844551549,0
c0,0.040071456547775455,9.672245082703583,1
c0,0.48042449611778676,9.031813936092895,1
c0,-0.6600563201340829,0.175818953296028,0
c0,-0.9474885949068795,0.24444345596163258,0
c0,0.3390592559424304,9.41036795804897,1
c0,0.2869044880033464,-2.3205942757907416,0
c0,2.488441614331128,11.69596953301417,1
c0,0.28479059913436316,9.690622407116638,1
c0,-0.635846078378881,0.6764332949464997,0
c0,1.4219755592924648,10.456363363480785,1
c0,-2.0306844677814944,2.0644928613593194,0
c0,-0.4003488150134234,8.52767707153351,1
c0,-1.723228250716323,11.797539387125905,1
c0,-0.6564636749715315,-2.8345545052747023,0
c0,1.327782695957983,-0.10128148621739935,0
c0,-0.7905230218330772,9.092699878474672,1
c0,0.2348215259487319,2.1321534105704436,0
c0,-0.47074249818272723,10.272796389530264,1
c0,-0.45764059428952597,10.371811081497494,1
c0,-0.3873268174079523,-0.30230275057533557,0
c0,0.31716062629268876,0.5200406145708678,0
c0,-1.62632193782683,9.865177548905645,1
c0,0.920858823780819,0.3187276529430212,0
c0,-0.37514711666128386,-1.226196191783019,0
c0,-0.6585529668050037,-0.5142339659399888,0
c0,0.4026255311300352,8.224112000038172,1
c0,-0.11048940506592783,-1.6606998118692633,0
c0,-0.45582534779936884,11.426158752019266,1
c0,-1.4828833575740425,8.690587853668985,1
c0,-0.22425893425164034,-0.30224973045507003,0
c0,-0.5892289865101498,9.55153499379594,1
c0,0.025385604406458987,10.610391764305414,1
c0,-1.6326345262344952,-1.567767724308454,0
c0,0.6659671460695378,7.46544553791577,1
c0,0.5785214977288784,0.349654456993174,0
c0,1.0085972868601036,10.527597382774315,1
c0,1.6692508063769687,10.301989210357553,1
c0,1.8081318105789754,10.436638474629293,1
c0,0.33003511451031164,2.225944331738259,0
c0,-0.9180047698190454,0.2524966270768724,0
c0,-0.4223148241252707,10.104714029433284,1
c0,1.285984007080293,-1.506998398214272,0
c0,0.33890412521594454,2.0210435614847975,0
c0,-2.0946030712061448,0.12372191423350658,0
c0,0.6119271927311578,-1.3414967255830426,0
c0,-0.035742733548173485,10.336015742661992,1
c0,0.9000542427640723,11.802242229790547,1
c0,0.2843145189979445,10.415400626171127,1
c0,-0.7554627263656334,8.798798480982612,1
c0,-1.0707526215105425,1.0544517269311366,0
c0,-0.03331928284515295,8.469196502600507,1
c0,-0.8565493082342095,-1.5415873996717875,0
c0,-1.0326431018921296,-0.4367483374580074,0
c0,0.5640085350738091,-1.2845522979925272,0
c0,2.320799839280298,10.117090872155442,1
c0,-0.5664398537322193,9.692308722632998,1
c0,-1.4465778900358943,8.417314358197212,1
c0,1.761266127419863,10.754095663656242,1
c0,0.5342011708457715,10.317885097238182,1
c0,0.8179776072548057,9.72108572489676,1
c0,-0.1682142227670741,10.377910101738475,1
c0,2.6805708407690005,9.799191486004334,1
c0,1.9667639719347398,9.803766035056459,1
c0,-0.34796185592084583,-1.3533888581477134,0
c0,-1.7685384506770307,0.35548179274376907,0
c0,0.8126740421090424,0.587259379399826,0
c0,-0.653284701927889,10.078514025174176,1
c0,-0.4700328827008748,-0.21673147057553863,0
c0,0.8313510579847683,10.487972682663004,1
c0,-0.764143923906443,-1.4377914738015785,0
c0,-0.23929659114234414,9.753206442211248,1
c0,-0.7196043885517929,-0.8129929885540773,0
c0,-0.7239287040586021,8.880371766319545,1
c0,0.35281660649437835,-0.15277442354540868,0
c0,0.7708369604049367,10.243168215402491,1
c0,-1.6981058194322545,0.3872804753950634,0
c0,-2.158068563961257,11.318551018090837,1
c0,-0.08593076697161273,0.19429293804577166,0
c0,-0.7891021802566502,10.001248455788486,1
c0,0.19321355323369646,11.29734208909289,1
c0,-0.10497970101895356,11.367414982460158,1
c0,-0.05858655113386085,-0.31754309393019925,0
c0,-1.5096616060682988,9.72260860825689,1
c0,0.4064154936762062,-0.1931767015498399,0
c0,0.7303517903770194,11.104578473571477,1
c0,-0.14357951171632055,-0.3820254489503836,0
c0,-2.802202798391713,8.811575578416981,1
c0,-0.5109261812322631,10.774728319067162,1
c0,0.18392549434030994,-0.3854897603756083,0
c0,-0.6963266538610828,-0.29039710080386677,0
c0,1.5199948607657727,1.7195893074161945,0
c0,-1.17312340511416,1.9436211856492926,0
c0,-1.6429652935306092,-0.4060717962598319,0
c0,1.821915097860406,9.924349529411577,1
c0,0.2125870464375366,11.547031496990844,1
c0,-0.7255973784635843,-1.3833639553950554,0
c0,2.6962240525635797,-0.07392466628041514,0
c0,1.0390964403783927,10.479095224098229,1
c0,-1.6553440383096778,10.153644460815666,1
c0,-0.2224770102429203,-0.8589199078076716,0
c0,0.7732529774025997,-1.1838806401933177,0
c0,1.6857923026593036,8.35195379363382,1
c0,0.7557402888945426,-0.53913263675299,0
c0,-1.1094775536361452,9.452481899320569,1
c0,1.484925598699954,7.876109981954441,1
c0,0.3708250012811021,0.14206180518723566,0
c0,0.8145198224878664,0.05892558918162996,0
c0,0.5765908166149409,-0.20829875557799488,0
c0,0.8579239242923363,1.1411018666575734,0
c0,0.2066905117080033,10.531042506978059,1
c0,-1.7302760615500858,10.588742406807507,1
c0,-0.8133642592042029,-1.466424327802514,0
c0,-1.2527953600499262,0.7774903558319101,0
c0,-0.19839889682004574,0.09419230031014657,0
c0,1.404545514939712,10.14644077047825,1
c0,0.8568306119026912,-0.6510255933001469,0
c0,0.32486961579618606,0.9971179807917595,0
c0,1.3554427025944182,9.601851871249925,1
c0,-1.252593341503319,9.413679974788868,1
c0,1.4944845444913688,-2.0699850250135325,0
c0,0.16586352265353732,11.329141282745553,1
c0,-0.01568211160255477,0.16092816829822298,0
c0,0.7199837301431654,-1.1029062129553697,0
c0,0.24120396421895252,11.127783630127801,1
c0,-0.2764328450158372,-0.25957698183403943,0
c0,0.46566243973045984,-1.5362436862772237,0
c0,-0.6878376110286823,-1.2140774030941206,0
c0,0.6225191403049977,9.368808058253142,1
c0,1.6085221559487237,9.438421250396779,1
c0,1.1394006845433007,-1.2348258203536526,0
c0,-0.33210227734882514,9.278568704428244,1
c0,-0.4246633024328657,-0.8299645975379619,0
c0,0.06651722238316789,0.3024718977397814,0
c0,0.44103290727315136,0.17879286573317985,0
c0,-0.46886418796679563,-2.201441285500558,0
c0,-0.9128222254441586,1.117016288095853,0
c0,-0.3091144447717088,-0.23346666154369272,0
c0,-0.6872990371566635,-0.11747454641811148,0
c0,1.8495912466796365,-0.21416665620008424,0
c0,-0.8707971491818818,-0.5788496647644155,0
c0,0.013239767667533552,9.878055072399723,1
c0,-0.85172919725359,1.8227236001279594,0
c0,0.7714059486768455,1.0294388287827672,0
c0,0.7539914669784796,11.065315492097994,1
c0,0.06751685717432486,10.777604137902912,1
c0,1.1452621730192247,10.34649444200676,1
c0,-1.2266216593966155,0.967446150050235,0
c0,-0.8031413873416283,-0.46433769143549164,0
c0,0.05989468311627605,-0.2125230447703092,0
c0,-0.7781835214561222,11.73677495697671,1
c0,-0.9072983643832422,0.05194539579613895,0
c0,-1.6138978475579515,-0.2127402802139687,0
c0,-0.42870206558582885,9.362159443526416,1
c0,1.3086687523521792,9.974201441745512,1
c0,0.25099811600832395,11.054757925180283,1
c0,0.7553956956633383,0.867407411354918,0
c0,-0.672460447775951,-0.3595531615405413,0
c0,-1.1335928256384589,10.996759642819816,1
c0,-0.49610233398256237,-0.07480498268034107,0
c0,1.034409886481518,-0.9962126403710662,0
c0,0.1508182063325938,9.74452921381223,1
c0,1.0983035407325124,9.862160821403906,1
c0,0.6991361537186938,9.701240399430064,1
c0,0.7324240097548762,9.624777599239327,1
c0,1.9229420264803847,1.4805147914344243,0
c0,0.8245572195642364,10.531178366535695,1
c0,-1.6193599828975425,9.488959536419891,1
c0,-0.8688625468659522,10.656390750859302,1
c0,0.7196681705373317,9.751580693294962,1
c0,0.46079432770125556,9.599013842103599,1
c0,-0.11054065723247261,1.0201727117157997,0
c0,0.768770644399475,9.578672412675319,1
c0,1.0156652815421012,10.701041341165098,1
c0,-0.955945000492777,-0.34598177569938643,0
c0,-0.1550358081183258,10.066060261786493,1
c0,0.4355461592956536,9.400775722540281,1
c0,-0.7537044661806008,10.137689825903347,1
c0,0.9667680111664602,10.508067909391478,1
c0,0.012231983638817386,1.5692596145359043,0
c0,-1.4812459621972984,8.727441864967684,1
c0,-0.7496903447028966,0.0328087476137118,0
c0,0.2842796708072146,1.7426687806556311,0
c0,0.16155926723816796,11.56340474502893,1
c0,0.9725357891425369,2.1338682472045374,0
c0,1.5788651944164882,9.20449944994671,1
c0,-0.36505521654625767,-1.7913275480411837,0
c0,0.03126754702756948,9.907887885308044,1
c0,0.47043314484648185,0.3114470715541555,0
c0,-0.9228233149968279,8.548661501808976,1
c0,-0.2821958766904351,8.841796814815972,1
c0,0.09866745381579567,10.197181055197367,1
c0,0.08617684238012002,12.19089801323984,1
c0,0.5684589189242769,9.66718823514779,1
c0,0.540123026400494,12.29046707053054,1
c0,0.9363985435524596,-0.5256405931019397,0
c0,-0.7967753063063009,11.548066801378738,1
c0,-0.216949569936649,0.4453932508947973,0
c0,-0.7922866618061449,-0.5316059080114549,0
c0,-0.7564935288807483,10.301514057396766,1
c0,2.171164949318166,10.662074288999706,1
c0,0.8020517387405159,8.153468018335326,1
c0,0.25233143138452124,9.609202003918986,1
c0,0.3191184000862824,10.30726478050559,1
c0,-0.4513030371025261,0.2656879749662359,0
c0,-0.6470535263827593,10.171243545152212,1
c0,-2.5827966329699446,-1.1539503636520094,0
c0,-0.923912015810002,11.412151698298631,1
c0,-0.07466797825114957,0.25871644022974605,0
c0,-0.8358560674816213,9.057906411126885,1
c0,-1.582938397335082,0.6103793791072052,0
c0,-1.1651498407833565,0.9008264869541871,0
c0,-1.604738529860987,11.458714749675993,1
c0,-1.3479254226291204,-0.761573388256559,0
c0,0.06763423006691976,9.53697824589095,1
c0,-0.31155253212737266,0.05616534222974544,0
c0,1.9559123082506942,0.39009332268792646,0
c0,0.14195316332077967,-0.3193284171450952,0
c0,1.866683148331627,10.757468330061403,1
c0,-0.857702623046894,10.13545466318998,1
c0,0.07458640654355353,-1.0770990694039948,0
c0,2.3466470305265617,-1.2791611070282582,0
c0,0.6071116719160459,8.951829593174526,1
c0,1.6315974275322715,10.377759169730718,1
c0,-0.9724028893524976,11.3462210732223,1
c1,0.1549474256969163,10.378162519602174,1
c1,9.35638159716711,7.776596847775574,2
c1,0.06651722238316789,10.302471897739782,1
c1,8.89561666057155,10.052165079260975,2
c1,9.544467496482657,10.017479159025056,2
c1,1.5327792143584575,11.469358769900285,1
c1,0.17742614225375283,9.598219063791738,1
c1,9.364153921621119,10.6764332949465,2
c1,1.1787795711596507,9.82007516418765,1
c1,-1.7062701906250126,11.95077539523179,1
c1,11.188029792352301,10.31694261192485,2
c1,-0.9072983643832422,10.051945395796139,1
c1,10.672294757012436,10.40746183624111,2
c1,9.901547475574567,9.336521713637893,2
c1,12.16323594928069,11.336527949436391,2
c1,0.144043571160878,11.454273506962975,1
c1,9.931758394675368,11.713342721649367,2
c1,10.61407937034608,10.922206671566526,2
c1,10.57659081661494,9.791701244422006,2
c1,9.305432140268634,9.850365459672329,2
c1,9.230083925554684,10.539249191291818,2
c1,-0.510805137568873,8.819367815877587,1
c1,0.2082749780768603,10.976639036483713,1
c1,0.402341641177549,9.315189909059686,1
c1,0.3563663971744019,10.706573168191948,1
c1,0.8644361988595057,9.257834979593557,1
c1,-0.40317694697317963,11.222445070382427,1
c1,1.8675579901499675,9.02272212012359,1
c1,-1.1651498407833565,10.900826486954188,1
c1,11.883150697056255,8.652240938857554,2
c1,1.2302906807277207,11.20237984878441,1
c1,2.2697546239876076,8.545634325401235,1
c1,8.82687659488584,11.943621185649292,2
c1,10.625231451027187,8.397942344393252,2
c1,10.771790551213668,10.823504153963732,2
c1,8.999784652610435,8.455228903222388,2
c1,8.707143090276551,10.267050869349182,2
c1,-0.813146282044454,8.273717397668323,1
c1,8.965757158215535,10.681594518281628,2
c1,12.383144774863942,10.944479486990414,2
c1,-2.5529898158340787,10.65361859544036,1
c1,11.126635922106507,8.920068491636577,2
c1,8.684092589488479,9.538415395185291,2
c1,10.920858823780819,10.318727652943021,2
c1,10.298238174206055,11.32638589668703,2
c1,0.9787379841057392,12.240893199201459,1
c1,1.4882521937955997,11.895889176030582,1
c1,0.9500884175255894,9.848642791702302,1
c1,0.010500020720820478,11.785870493905835,1
c1,10.396006712661645,8.906938491269495,2
c1,-0.3479121493261526,10.15634896910398,1
c1,1.1394006845433007,8.765174179646348,1
c1,-0.3873268174079523,9.697697249424664,1
c1,1.764052345967664,10.400157208367224,1
c1,0.31306770165090136,9.145904260698275,1
c1,9.960717181772504,8.831906502258803,2
c1,0.46566243973045984,8.463756313722776,1
c1,9.196590335826158,9.3104502222498,2
c1,8.774564481169833,10.844362976401547,2
c1,10.85683061190269,9.348974406699853,2
c1,9.564846448278363,11.849263728479341,2
c1,11.86755896042657,10.906044658275386,2
c1,9.586381019240253,9.252545188559242,2
c1,8.729515001514267,10.969396708158012,2
c1,-1.6301983469660446,10.462782255525774,1
c1,-0.6343220936809636,9.637258834012862,1
c1,-0.028182228338654868,10.428331870530418,1
c1,9.25524517795156,9.173561461340986,2
c1,9.73199662904862,10.802456395796396,2
c1,-1.0485529650670926,8.579982062821024,1
c1,-0.8954665611936756,10.386902497859262,1
c1,11.922942026480385,11.480514791434425,2
c1,-0.672460447775951,9.640446838459459,1
c1,10.523276660531753,9.828453668777751,2
c1,-0.10321885179355784,10.410598501938372,1
c1,-1.6138978475579515,9.78725971978603,1
c1,-1.2527953600499262,10.77749035583191,1
c1,9.138774314945298,11.910064953099035,2
c1,-0.8877857476301128,8.019203531776073,1
c1,10.376425531155629,8.900599209415805,2
c1,9.325667339342624,10.03183055827435,2
c1,10.166673495372528,10.635031436892106,2
c1,10.949420806925762,10.08755124138519,2
c1,0.7610377251469934,10.121675016492828,1
c1,9.646006088746516,8.625048706581982,2
c1,8.852531347588897,9.562179955255566,2
c1,-0.5096521817516535,9.561925698388814,1
c1,9.501967549307695,11.929532053816986,2
c1,0.44386323274542566,10.333674327374267,1
c1,9.260437003608686,11.543014595406735,2
c1,1.4940790731576061,9.794841736234199,1
c1,-0.31155253212737266,10.056165342229745,1
c1,-0.8707971491818818,9.421150335235584,1
c1,8.508742407294395,10.439391701264537,2
c1,0.04575851730144607,9.812816149974166,1
c1,-1.0707526215105425,11.054451726931136,1
c1,9.087177774555842,11.117016288095853,2
c1,0.12691209270361992,10.401989363444702,1
c1,10.947251967773749,9.844989906909166,2
c1,0.7290905621775369,10.128982910757411,1
c2,10.154947425696916,10.378162519602174,2
c2,9.35638159716711,-2.2234031522244266,3
c2,10.066517222383167,10.302471897739782,2
c2,8.89561666057155,0.052165079260974405,3
c2,9.544467496482657,0.01747915902505673,3
c2,11.532779214358458,11.469358769900285,2
c2,10.177426142253752,9.598219063791738,2
c2,9.364153921621119,0.6764332949464997,3
c2,11.178779571159652,9.82007516418765,2
c2,8.293729809374987,11.95077539523179,2
c2,11.188029792352301,0.3169426119248496,3
c2,9.092701635616757,10.051945395796139,2
c2,10.672294757012436,0.40746183624111043,3
c2,9.901547475574567,-0.6634782863621074,3
c2,12.16323594928069,1.336527949436392,3
c2,10.144043571160879,11.454273506962975,2
c2,9.931758394675368,1.7133427216493666,3
c2,10.61407937034608,0.9222066715665268,3
c2,10.57659081661494,-0.20829875557799488,3
c2,9.305432140268634,-0.14963454032767076,3
c2,9.230083925554684,0.5392491912918173,3
c2,9.489194862431127,8.819367815877587,2
c2,10.20827497807686,10.976639036483713,2
c2,10.402341641177548,9.315189909059686,2
c2,10.356366397174401,10.706573168191948,2
c2,10.864436198859506,9.257834979593557,2
c2,9.59682305302682,11.222445070382427,2
c2,11.867557990149967,9.02272212012359,2
c2,8.834850159216643,10.900826486954188,2
c2,11.883150697056255,-1.3477590611424464,3
c2,11.230290680727721,11.20237984878441,2
c2,12.269754623987607,8.545634325401235,2
c2,8.82687659488584,1.9436211856492926,3
c2,10.625231451027187,-1.6020576556067476,3
c2,10.771790551213668,0.8235041539637314,3
c2,8.999784652610435,-1.5447710967776116,3
c2,8.707143090276551,0.26705086934918293,3
c2,9.186853717955547,8.273717397668323,2
c2,8.965757158215535,0.681594518281627,3
c2,12.383144774863942,0.9444794869904138,3
c2,7.447010184165921,10.65361859544036,2
c2,11.126635922106507,-1.0799315083634233,3
c2,8.684092589488479,-0.461584604814709,3
c2,10.920858823780819,0.3187276529430212,3
c2,10.298238174206055,1.3263858966870303,3
c2,10.97873798410574,12.240893199201459,2
c2,11.4882521937956,11.895889176030582,2
c2,10.95008841752559,9.848642791702302,2
c2,10.010500020720821,11.785870493905835,2
c2,10.396006712661645,-1.0930615087305058,3
c2,9.652087850673848,10.15634896910398,2
c2,11.1394006845433,8.765174179646348,2
c2,9.612673182592047,9.697697249424664,2
c2,11.764052345967665,10.400157208367224,2
c2,10.313067701650901,9.145904260698275,2
c2,9.960717181772504,-1.1680934977411974,3
c2,10.46566243973046,8.463756313722776,2
c2,9.196590335826158,-0.6895497777502005,3
c2,8.774564481169833,0.8443629764015471,3
c2,10.85683061190269,-0.6510255933001469,3
c2,9.564846448278363,1.8492637284793418,3
c2,11.86755896042657,0.9060446582753853,3
c2,9.586381019240253,-0.7474548114407578,3
c2,8.729515001514267,0.9693967081580112,3
c2,8.369801653033955,10.462782255525774,2
c2,9.365677906319036,9.637258834012862,2
c2,9.971817771661344,10.428331870530418,2
c2,9.25524517795156,-0.8264385386590144,3
c2,9.73199662904862,0.8024563957963952,3
c2,8.951447034932908,8.579982062821024,2
c2,9.104533438806325,10.386902497859262,2
c2,11.922942026480385,1.4805147914344243,3
c2,9.32753955222405,9.640446838459459,2
c2,10.523276660531753,-0.1715463312222481,3
c2,9.896781148206442,10.410598501938372,2
c2,8.38610215244205,9.78725971978603,2
c2,8.747204639950073,10.77749035583191,2
c2,9.138774314945298,1.9100649530990337,3
c2,9.112214252369887,8.019203531776073,2
c2,10.376425531155629,-1.0994007905841945,3
c2,9.325667339342624,0.03183055827435118,3
c2,10.166673495372528,0.6350314368921064,3
c2,10.949420806925762,0.0875512413851909,3
c2,10.761037725146993,10.121675016492828,2
c2,9.646006088746516,-1.3749512934180188,3
c2,8.852531347588897,-0.43782004474443403,3
c2,9.490347818248347,9.561925698388814,2
c2,9.501967549307695,1.9295320538169858,3
c2,10.443863232745425,10.333674327374267,2
c2,9.260437003608686,1.5430145954067358,3
c2,11.494079073157605,9.794841736234199,2
c2,9.688447467872628,10.056165342229745,2
c2,9.129202850818118,9.421150335235584,2
c2,8.508742407294395,0.4393917012645369,3
c2,10.045758517301445,9.812816149974166,2
c2,8.929247378489457,11.054451726931136,2
c2,9.087177774555842,1.117016288095853,3
c2,10.12691209270362,10.401989363444702,2
c2,10.947251967773749,-0.1550100930908342,3
c2,10.729090562177538,10.128982910757411,2
